Original,Combined
Brooks-MensPants,Trousers
Brooks-MensShorts,Shorts
Brooks-MensSuits,Suits
Brooks-WomenDresses,Dresses
Brooks-WomenKnitwear,Jumpers
Brooks-WomenPants,Trousers
Brooks-WomenSkirts,Skirts
Brooks-WomensTops,Tops
HugoBoss-Blouses,Blouses
HugoBoss-Dresses,Dresses
HugoBoss-MensKnitwear,Jumpers
HugoBoss-MensShirts,Shirts
HugoBoss-MensShorts,Shorts
HugoBoss-MensSuits,Suits
HugoBoss-MensTrousers,Trousers
HugoBoss-MensTshirts,T-Shirts
HugoBoss-Skirts,Skirts
HugoBoss-WomensTops,Tops
HugoBoss-WomenSuits,Suits
Jackets,Jackets & Coats
Mens Blazer_Cardigan_Coats,Jackets & Coats
Mens Casual Outers,Jackets & Coats
Mens Casual Pants,Trousers
Mens Casual-shirts,T-Shirts
Mens Denim,Jeans
Mens Formal-shirts,T-Shirts
Mens Hats,Accessories
Mens Hoodies,Jumpers
Mens Hoodies & Pullovers,Jumpers
Mens Jackets,Jackets & Coats
Mens Jackets & Vests,Jackets & Coats
Mens Jeans,Jeans
Mens Jewelry,Accessories
Mens Knitwear,Jumpers
Mens Leather_and_Fur,Jackets & Coats
Mens Longsleeves,Shirts
Mens Outerwear,Jackets & Coats
Mens Pants,Trousers
Mens Pants & Tights,Trousers
Mens Polo,Polos
Mens Polos,Polos
Mens Polo-shirt,Polos
Mens Shirts,Shirts
Mens Shoes,Shoes
Mens Shorts,Shorts
Mens Sunglasses,Accessories
Mens Sweaters,Jumpers
Mens Sweatshirts,Jumpers
Mens Sweatshirts & Hoodies,Jumpers
Mens Tops & T-Shirts,T-Shirts
Mens Tops & T-shirts,T-Shirts
Mens Trousers,Trousers
Mens T-shirt,T-Shirts
Mens T-Shirts,T-Shirts
Mens T-shirts_tanktops,T-Shirts
Polo,Polos
Polo Shirts,Polos
Shirts,Shirts
Womens Blazer_Cardigan_Coats,Jackets & Coats
Womens Casual Outers,Jackets & Coats
Womens Coats,Jackets & Coats
Womens Denim,Jeans
Womens Dresses,Dresses
Womens Handbags,Accessories
Womens Hats,Accessories
Womens Hoodies,Jumpers
Womens Hoodies & Pullovers,Jumpers
Womens Jackets,Jackets & Coats
Womens Jackets & Blazers,Jackets & Coats
Womens Jackets & Vests,Jackets & Coats
Womens Jeans,Jeans
Womens Jeans and Denim,Jeans
Womens Jewellry,Accessories
Womens Jumpsuits,Dresses
Womens Knitwear,Jumpers
Womens Leather_and_Fur,Jackets & Coats
Womens Longsleeves,Shirts
Womens Outerwear,Jackets & Coats
Womens Pants,Trousers
Womens Pants & Tights,Trousers
Womens Polos,Polos
Womens Shirts,Shirts
Womens Shirts Blouses & Tops,Shirts
Womens Shirts_and_Blouses,Shirts
Womens Shirts_Blouses,Blouses
Womens Shoes,Shoes
Womens Shorts,Shorts
Womens Skirts,Skirts
Womens Suits,Suits
Womens Sunglasses,Accessories
Womens Sweaters,Jumpers
Womens Sweaters & Cardigans,Jumpers
Womens Sweatshirts,Jumpers
Womens Sweatshirts & Hoodies,Jumpers
Womens Sweatshirts & T-Shirts,T-Shirts
Womens Sweatwears,Jumpers
Womens Tops,T-Shirts
Womens Tops & T-Shirts,T-Shirts
Womens Tops & T-shirts,T-Shirts
Womens Trousers,Trousers
Womens Trousers & Jeans,Trousers
Womens T-shirt_tanktops,T-Shirts
Womens T-Shirts,T-Shirts
